<keymap version="1" name="IntelliJ IDEA Classic copy" parent="Mac OS X">
  <action id="CloseContent">
    <keyboard-shortcut first-keystroke="meta w" />
  </action>
  <action id="EditorSelectWord" />
  <action id="Macro.format and save file">
    <keyboard-shortcut first-keystroke="meta s" />
  </action>
  <action id="SaveAll" />
  <action id="Scala.ShowImplicits">
    <keyboard-shortcut first-keystroke="shift ctrl alt equals" />
    <keyboard-shortcut first-keystroke="shift ctrl alt add" />
  </action>
  <action id="SplitVertically">
    <keyboard-shortcut first-keystroke="meta t" />
  </action>
  <action id="Vcs.UpdateProject" />
</keymap>