<application>
  <component name="FileTypeManager" version="18">
    <ignoreFiles list="*$py.class;*.pyc;*.pyo;*.rbc;*.yarb;*~;.DS_Store;.git;.hg;.svn;CVS;__pycache__;_svn;vssver.scc;vssver2.scc" />
    <extensionMap>
      <mapping ext="gradle.kts" type="Kotlin" />
      <mapping ext="main.kts" type="Kotlin" />
      <mapping pattern="aaa" type="PLAIN_TEXT" />
      <mapping pattern="all_delete" type="PLAIN_TEXT" />
      <mapping pattern="HN" type="PLAIN_TEXT" />
      <mapping pattern="data_path" type="PLAIN_TEXT" />
      <mapping pattern="check_data" type="PLAIN_TEXT" />
      <mapping pattern="SE" type="PLAIN_TEXT" />
      <mapping pattern="UM" type="PLAIN_TEXT" />
      <mapping pattern="SK" type="PLAIN_TEXT" />
      <mapping pattern="DockerFile" type="PLAIN_TEXT" />
      <mapping pattern="test" type="PLAIN_TEXT" />
      <mapping pattern="KS" type="PLAIN_TEXT" />
      <mapping pattern="RA" type="PLAIN_TEXT" />
      <mapping pattern="CS" type="PLAIN_TEXT" />
      <mapping pattern="once" type="PLAIN_TEXT" />
      <mapping pattern="make_pipenvbat" type="PLAIN_TEXT" />
      <mapping pattern="rerer" type="PLAIN_TEXT" />
      <mapping pattern="JG" type="PLAIN_TEXT" />
      <mapping ext="factories" type="PLAIN_TEXT" />
      <mapping ext="txt-e" type="PLAIN_TEXT" />
      <mapping ext="ron" type="PLAIN_TEXT" />
      <mapping ext="2019-05-03" type="PLAIN_TEXT" />
      <removed_mapping ext="apk" approved="true" type="ARCHIVE" />
      <removed_mapping ext="bat" approved="true" type="PLAIN_TEXT" />
      <removed_mapping ext="cmd" approved="true" type="PLAIN_TEXT" />
      <removed_mapping ext="dockerfile" approved="true" type="textmate" />
      <removed_mapping ext="log" approved="true" type="PLAIN_TEXT" />
      <removed_mapping ext="makefile" approved="true" type="textmate" />
      <removed_mapping ext="psd" approved="true" type="Image" />
      <removed_mapping ext="snakefile" approved="true" type="textmate" />
      <removed_mapping pattern="css" approved="true" type="PLAIN_TEXT" />
    </extensionMap>
  </component>
</application>